Sent,Word,Tag
1,Rajesh,B-Per
1,Kumar,I-Per
1,visited,Other
1,Mumbai,B-Loc
1,with,Other
1,his,Other
1,chacha,B-Kin
1,last,Other
1,weekend,Other
1,.,Other
2,Microsoft,B-Org
2,Corporation,I-Org
2,opened,Other
2,a,Other
2,new,Other
2,office,Other
2,in,Other
2,Bangalore,B-Loc
2,.,Other
3,The,Other
3,Diwali,B-Cul
3,festival,I-Cul
3,is,Other
3,celebrated,Other
3,by,Other
3,Hindus,B-Rel
3,with,Other
3,great,Other
3,enthusiasm,Other
3,.,Other
4,Sunita,B-Per
4,ji,B-Par
4,please,Other
4,pass,Other
4,the,Other
4,salt,Other
4,.,Other
5,My,Other
5,dadi,B-Kin
5,taught,Other
5,me,Other
5,how,Other
5,to,Other
5,make,Other
5,authentic,Other
5,Punjabi,B-Cul
5,cuisine,Other
5,.,Other
6,Arey,B-Par
6,yaar,I-Par
6,that,Other
6,movie,Other
6,was,Other
6,amazing,Other
6,!,Other
7,The,Other
7,Taj,B-Loc
7,Mahal,I-Loc
7,is,Other
7,a,Other
7,beautiful,Other
7,monument,Other
7,in,Other
7,Agra,B-Loc
7,.,Other
8,Suresh,B-Per
8,Sharma,I-Per
8,works,Other
8,at,Other
8,Infosys,B-Org
8,Technologies,I-Org
8,.,Other
9,Buddhism,B-Rel
9,originated,Other
9,in,Other
9,ancient,Other
9,India,B-Loc
9,.,Other
10,Please,Other
10,call,Other
10,your,Other
10,bhaiya,B-Kin
10,immediately,Other
10,.,Other
11,The,Other
11,Ganga,B-Loc
11,River,I-Loc
11,is,Other
11,considered,Other
11,sacred,Other
11,in,Other
11,Hindu,B-Rel
11,tradition,Other
11,.,Other
12,Prime,B-Per
12,Minister,I-Per
12,Modi,I-Per
12,visited,Other
12,the,Other
12,United,B-Loc
12,States,I-Loc
12,last,Other
12,month,Other
12,.,Other
13,Haan,B-Par
13,ji,I-Par
13,I,Other
13,will,Other
13,attend,Other
13,the,Other
13,meeting,Other
13,.,Other
14,Reliance,B-Org
14,Industries,I-Org
14,announced,Other
14,a,Other
14,new,Other
14,partnership,Other
14,with,Other
14,Google,B-Org
14,.,Other
15,Karwa,B-Cul
15,Chauth,I-Cul
15,is,Other
15,an,Other
15,important,Other
15,festival,Other
15,for,Other
15,married,Other
15,women,Other
15,.,Other
16,My,Other
16,nani,B-Kin
16,makes,Other
16,the,Other
16,best,Other
16,halwa,B-Cul
16,.,Other
17,Amit,B-Per
17,Shah,I-Per
17,announced,Other
17,new,Other
17,policies,Other
17,for,Other
17,Jammu,B-Loc
17,and,Other
17,Kashmir,B-Loc
17,.,Other
18,The,Other
18,Ramayana,B-Cul
18,and,Other
18,Mahabharata,B-Cul
18,are,Other
18,important,Other
18,epics,Other
18,in,Other
18,Indian,B-Cul
18,literature,Other
18,.,Other
19,Sikh,B-Rel
19,gurdwaras,I-Rel
19,provide,Other
19,langar,B-Cul
19,to,Other
19,everyone,Other
19,regardless,Other
19,of,Other
19,religion,Other
19,.,Other
20,Arrey,B-Par
20,bhai,B-Kin
20,listen,Other
20,to,Other
20,me,Other
20,first,Other
20,!,Other
21,State,B-Org
21,Bank,I-Org
21,of,I-Org
21,India,I-Org
21,opened,Other
21,a,Other
21,new,Other
21,branch,Other
21,in,Other
21,Chennai,B-Loc
21,.,Other
22,Ravi,B-Per
22,introduced,Other
22,his,Other
22,wife,B-Kin
22,Meera,B-Per
22,to,Other
22,his,Other
22,colleagues,Other
22,.,Other
23,The,Other
23,Constitution,B-Org
23,of,I-Org
23,India,I-Org
23,was,Other
23,drafted,Other
23,by,Other
23,Dr.,B-Per
23,B.R.,I-Per
23,Ambedkar,I-Per
23,.,Other
24,Namaste,B-Cul
24,ji,B-Par
24,how,Other
24,are,Other
24,you,Other
24,doing,Other
24,today,Other
24,?,Other
25,The,Other
25,Himalayan,B-Loc
25,Mountains,I-Loc
25,stretch,Other
25,across,Other
25,several,Other
25,countries,Other
25,.,Other
26,Muslims,B-Rel
26,celebrate,Other
26,Eid,B-Cul
26,twice,Other
26,a,Other
26,year,Other
26,.,Other
27,Please,Other
27,respect,Other
27,your,Other
27,pitaji,B-Kin
27,and,Other
27,mataji,B-Kin
27,.,Other
28,Tata,B-Org
28,Consultancy,I-Org
28,Services,I-Org
28,hired,Other
28,thousands,Other
28,of,Other
28,engineers,Other
28,this,Other
28,year,Other
28,.,Other
29,The,Other
29,Bhagavad,B-Rel
29,Gita,I-Rel
29,contains,Other
29,teachings,Other
29,of,Other
29,Lord,B-Per
29,Krishna,I-Per
29,.,Other
30,Accha,B-Par
30,so,Other
30,you're,Other
30,saying,Other
30,the,Other
30,meeting,Other
30,is,Other
30,cancelled,Other
30,?,Other
31,Delhi,B-Loc
31,University,I-Org
31,announced,Other
31,new,Other
31,admission,Other
31,criteria,Other
31,.,Other
32,Salman,B-Per
32,Khan,I-Per
32,donated,Other
32,to,Other
32,the,Other
32,Prime,B-Org
32,Minister's,I-Org
32,Relief,I-Org
32,Fund,I-Org
32,.,Other
33,Raksha,B-Cul
33,Bandhan,I-Cul
33,celebrates,Other
33,the,Other
33,bond,Other
33,between,Other
33,brothers,B-Kin
33,and,Other
33,sisters,B-Kin
33,.,Other
34,The,Other
34,Arabian,B-Loc
34,Sea,I-Loc
34,borders,Other
34,the,Other
34,western,Other
34,coast,Other
34,of,Other
34,India,B-Loc
34,.,Other
35,Priya,B-Per
35,and,Other
35,her,Other
35,bhabhi,B-Kin
35,went,Other
35,shopping,Other
35,for,Other
35,Durga,B-Cul
35,Puja,I-Cul
35,.,Other
36,Jain,B-Rel
36,monks,I-Rel
36,practice,Other
36,strict,Other
36,non-violence,Other
36,and,Other
36,vegetarianism,Other
36,.,Other
37,Arre,B-Par
37,haan,I-Par
37,I,Other
37,completely,Other
37,forgot,Other
37,about,Other
37,that,Other
37,!,Other
38,Reserve,B-Org
38,Bank,I-Org
38,of,I-Org
38,India,I-Org
38,announced,Other
38,new,Other
38,interest,Other
38,rates,Other
38,.,Other
39,The,Other
39,Vedas,B-Rel
39,are,Other
39,ancient,Other
39,sacred,Other
39,texts,Other
39,.,Other
40,My,Other
40,fufa,B-Kin
40,ji,B-Par
40,lives,Other
40,in,Other
40,Kolkata,B-Loc
40,with,Other
40,his,Other
40,family,Other
40,.,Other
41,Red,B-Org
41,Fort,I-Org
41,in,Other
41,Delhi,B-Loc
41,was,Other
41,built,Other
41,by,Other
41,Shah,B-Per
41,Jahan,I-Per
41,.,Other
42,Saraswati,B-Per
42,is,Other
42,the,Other
42,Hindu,B-Rel
42,goddess,Other
42,of,Other
42,knowledge,Other
42,and,Other
42,wisdom,Other
42,.,Other
43,Ji,B-Par
43,haan,I-Par
43,I,Other
43,agree,Other
43,with,Other
43,your,Other
43,point,Other
43,.,Other
44,The,Other
44,Bay,B-Loc
44,of,I-Loc
44,Bengal,I-Loc
44,experiences,Other
44,cyclones,Other
44,during,Other
44,monsoon,B-Cul
44,season,Other
44,.,Other
45,Indian,B-Cul
45,weddings,Other
45,typically,Other
45,involve,Other
45,many,Other
45,rituals,Other
45,and,Other
45,celebrations,Other
45,.,Other
46,My,Other
46,masi,B-Kin
46,ji,B-Par
46,makes,Other
46,delicious,Other
46,biryani,B-Cul
46,.,Other
47,Virat,B-Per
47,Kohli,I-Per
47,is,Other
47,a,Other
47,famous,Other
47,cricketer,Other
47,from,Other
47,India,B-Loc
47,.,Other
48,During,Other
48,Navratri,B-Cul
48,many,Other
48,people,Other
48,fast,Other
48,for,Other
48,nine,Other
48,days,Other
48,.,Other
49,Hey,B-Par
49,bhaiya,B-Kin
49,please,Other
49,pass,Other
49,me,Other
49,that,Other
49,book,Other
49,.,Other
50,The,Other
50,Indian,B-Cul
50,Space,B-Org
50,Research,I-Org
50,Organisation,I-Org
50,launched,Other
50,a,Other
50,new,Other
50,satellite,Other
50,.,Other
51,Yoga,B-Cul
51,is,Other
51,practiced,Other
51,by,Other
51,many,Other
51,for,Other
51,physical,Other
51,and,Other
51,mental,Other
51,wellbeing,Other
51,.,Other
52,Sachin,B-Per
52,Tendulkar,I-Per
52,is,Other
52,considered,Other
52,a,Other
52,cricket,Other
52,legend,Other
52,in,Other
52,India,B-Loc
52,.,Other
53,Chalo,B-Par
53,beta,B-Kin
53,it's,Other
53,time,Other
53,to,Other
53,go,Other
53,home,Other
53,.,Other
54,The,Other
54,Bharatiya,B-Org
54,Janata,I-Org
54,Party,I-Org
54,won,Other
54,the,Other
54,elections,Other
54,last,Other
54,year,Other
54,.,Other
55,Gurudwara,B-Rel
55,Bangla,I-Rel
55,Sahib,I-Rel
55,is,Other
55,located,Other
55,in,Other
55,Delhi,B-Loc
55,.,Other
56,My,Other
56,mama,B-Kin
56,lives,Other
56,in,Other
56,Hyderabad,B-Loc
56,with,Other
56,his,Other
56,family,Other
56,.,Other
57,The,Other
57,Gateway,B-Loc
57,of,I-Loc
57,India,I-Loc
57,is,Other
57,a,Other
57,famous,Other
57,monument,Other
57,in,Other
57,Mumbai,B-Loc
57,.,Other
58,Holi,B-Cul
58,is,Other
58,known,Other
58,as,Other
58,the,Other
58,festival,Other
58,of,Other
58,colors,Other
58,.,Other
59,Shukriya,B-Cul
59,ji,B-Par
59,for,Other
59,your,Other
59,help,Other
59,with,Other
59,this,Other
59,project,Other
59,.,Other
60,Anil,B-Per
60,Ambani,I-Per
60,is,Other
60,the,Other
60,chairman,Other
60,of,Other
60,Reliance,B-Org
60,Group,I-Org
60,.,Other
61,The,Other
61,Qutub,B-Loc
61,Minar,I-Loc
61,was,Other
61,built,Other
61,by,Other
61,Qutb,B-Per
61,al-Din,I-Per
61,Aibak,I-Per
61,.,Other
62,Baap,B-Kin
62,re,B-Par
62,baap,B-Kin
62,what,Other
62,a,Other
62,surprise,Other
62,!,Other
63,The,Other
63,Islamic,B-Rel
63,month,Other
63,of,Other
63,Ramadan,B-Cul
63,involves,Other
63,fasting,Other
63,from,Other
63,dawn,Other
63,to,Other
63,dusk,Other
63,.,Other
64,Flipkart,B-Org
64,announced,Other
64,its,Other
64,annual,Other
64,sale,Other
64,starting,Other
64,next,Other
64,week,Other
64,.,Other
65,Dekho,B-Par
65,ji,I-Par
65,this,Other
65,is,Other
65,how,Other
65,we,Other
65,do,Other
65,it,Other
65,.,Other
66,The,Other
66,Western,B-Loc
66,Ghats,I-Loc
66,run,Other
66,along,Other
66,the,Other
66,western,Other
66,edge,Other
66,of,Other
66,the,Other
66,Deccan,B-Loc
66,Plateau,I-Loc
66,.,Other
67,Akshay,B-Per
67,Kumar,I-Per
67,starred,Other
67,in,Other
67,many,Other
67,Bollywood,B-Cul
67,movies,Other
67,.,Other
68,My,Other
68,chaachi,B-Kin
68,prepared,Other
68,delicious,Other
68,gulab,B-Cul
68,jamun,I-Cul
68,for,Other
68,dessert,Other
68,.,Other
69,Christians,B-Rel
69,celebrate,Other
69,Christmas,B-Cul
69,on,Other
69,December,Other
69,25th,Other
69,every,Other
69,year,Other
69,.,Other
70,Kya,B-Par
70,baat,I-Par
70,hai,I-Par
70,you,Other
70,did,Other
70,an,Other
70,excellent,Other
70,job,Other
70,!,Other
71,Air,B-Org
71,India,I-Org
71,announced,Other
71,direct,Other
71,flights,Other
71,between,Other
71,Delhi,B-Loc
71,and,Other
71,San,B-Loc
71,Francisco,I-Loc
71,.,Other
72,The,Other
72,Ajanta,B-Loc
72,Caves,I-Loc
72,contain,Other
72,ancient,Other
72,Buddhist,B-Rel
72,paintings,Other
72,.,Other
73,My,Other
73,sasur,B-Kin
73,ji,B-Par
73,is,Other
73,visiting,Other
73,from,Other
73,Pune,B-Loc
73,next,Other
73,month,Other
73,.,Other
74,The,Other
74,Parliament,B-Org
74,of,I-Org
74,India,I-Org
74,passed,Other
74,several,Other
74,new,Other
74,bills,Other
74,yesterday,Other
74,.,Other
75,Kathak,B-Cul
75,is,Other
75,a,Other
75,classical,Other
75,dance,Other
75,form,Other
75,originating,Other
75,from,Other
75,northern,Other
75,India,B-Loc
75,.,Other
76,Dekho,B-Par
76,Rahul,B-Per
76,has,Other
76,arrived,Other
76,with,Other
76,his,Other
76,wife,B-Kin
76,and,Other
76,children,B-Kin
76,.,Other
77,The,Other
77,Golden,B-Loc
77,Temple,I-Loc
77,in,Other
77,Amritsar,B-Loc
77,is,Other
77,a,Other
77,sacred,Other
77,site,Other
77,for,Other
77,Sikhs,B-Rel
77,.,Other
78,HDFC,B-Org
78,Bank,I-Org
78,offers,Other
78,special,Other
78,interest,Other
78,rates,Other
78,for,Other
78,senior,Other
78,citizens,Other
78,.,Other
79,Namaskar,B-Cul
79,ji,B-Par
79,welcome,Other
79,to,Other
79,our,Other
79,humble,Other
79,home,Other
79,.,Other
80,The,Other
80,river,Other
80,Yamuna,B-Loc
80,flows,Other
80,through,Other
80,Delhi,B-Loc
80,before,Other
80,joining,Other
80,the,Other
80,Ganga,B-Loc
80,.,Other
81,Deepika,B-Per
81,Padukone,I-Per
81,is,Other
81,a,Other
81,famous,Other
81,actress,Other
81,in,Other
81,Indian,B-Cul
81,cinema,Other
81,.,Other
82,My,Other
82,tau,B-Kin
82,ji,B-Par
82,taught,Other
82,me,Other
82,how,Other
82,to,Other
82,play,Other
82,cricket,Other
82,.,Other
83,Theek,B-Par
83,hai,I-Par
83,we,Other
83,will,Other
83,meet,Other
83,tomorrow,Other
83,at,Other
83,the,Other
83,office,Other
83,.,Other
84,Parsi,B-Rel
84,communities,Other
84,celebrate,Other
84,Nowruz,B-Cul
84,to,Other
84,mark,Other
84,the,Other
84,Persian,B-Cul
84,New,I-Cul
84,Year,I-Cul
84,.,Other
85,Indian,B-Cul
85,Institute,B-Org
85,of,I-Org
85,Technology,I-Org
85,Delhi,I-Org
85,is,Other
85,a,Other
85,prestigious,Other
85,engineering,Other
85,college,Other
85,.,Other
86,The,Other
86,Andaman,B-Loc
86,and,I-Loc
86,Nicobar,I-Loc
86,Islands,I-Loc
86,are,Other
86,known,Other
86,for,Other
86,their,Other
86,beaches,Other
86,.,Other
87,Neha,B-Per
87,introduced,Other
87,her,Other
87,devar,B-Kin
87,to,Other
87,everyone,Other
87,at,Other
87,the,Other
87,party,Other
87,.,Other
88,The,Other
88,Quran,B-Rel
88,is,Other
88,the,Other
88,holy,Other
88,book,Other
88,of,Other
88,Islam,B-Rel
88,.,Other
89,Abey,B-Par
89,yaar,I-Par
89,don't,Other
89,be,Other
89,so,Other
89,careless,Other
89,next,Other
89,time,Other
89,!,Other
90,The,Other
90,Ministry,B-Org
90,of,I-Org
90,External,I-Org
90,Affairs,I-Org
90,issued,Other
90,a,Other
90,statement,Other
90,today,Other
90,.,Other
91,Bharatanatyam,B-Cul
91,is,Other
91,a,Other
91,classical,Other
91,dance,Other
91,form,Other
91,from,Other
91,Tamil,B-Loc
91,Nadu,I-Loc
91,.,Other
92,My,Other
92,chachi,B-Kin
92,ji,B-Par
92,is,Other
92,very,Other
92,strict,Other
92,about,Other
92,cleanliness,Other
92,.,Other
93,The,Other
93,Kumbh,B-Cul
93,Mela,I-Cul
93,is,Other
93,the,Other
93,largest,Other
93,religious,Other
93,gathering,Other
93,in,Other
93,the,Other
93,world,Other
93,.,Other
94,Arre,B-Par
94,beta,B-Kin
94,where,Other
94,have,Other
94,you,Other
94,been,Other
94,all,Other
94,day,Other
94,?,Other
95,Mahendra,B-Per
95,Singh,I-Per
95,Dhoni,I-Per
95,is,Other
95,a,Other
95,former,Other
95,captain,Other
95,of,Other
95,the,Other
95,Indian,B-Cul
95,cricket,Other
95,team,Other
95,.,Other
96,The,Other
96,Bible,B-Rel
96,is,Other
96,the,Other
96,holy,Other
96,book,Other
96,of,Other
96,Christianity,B-Rel
96,.,Other
97,Wipro,B-Org
97,Technologies,I-Org
97,hired,Other
97,several,Other
97,new,Other
97,graduates,Other
97,this,Other
97,year,Other
97,.,Other
98,My,Other
98,jija,B-Kin
98,ji,B-Par
98,works,Other
98,at,Other
98,Bharti,B-Org
98,Airtel,I-Org
98,.,Other
99,The,Other
99,Ganges,B-Loc
99,Delta,I-Loc
99,is,Other
99,the,Other
99,world's,Other
99,largest,Other
99,delta,Other
99,.,Other
100,Janmashtami,B-Cul
100,celebrates,Other
100,the,Other
100,birth,Other
100,of,Other
100,Lord,B-Per
100,Krishna,I-Per
100,.,Other
101,Haan,B-Par
101,ji,I-Par
101,bilkul,I-Par
101,I,Other
101,understand,Other
101,your,Other
101,concern,Other
101,.,Other
102,The,Other
102,National,B-Org
102,Stock,I-Org
102,Exchange,I-Org
102,reported,Other
102,record,Other
102,trading,Other
102,volumes,Other
102,yesterday,Other
102,.,Other
103,My,Other
103,daada,B-Kin
103,ji,B-Par
103,fought,Other
103,in,Other
103,the,Other
103,independence,Other
103,movement,Other
103,.,Other
104,Kerala,B-Loc
104,is,Other
104,famous,Other
104,for,Other
104,its,Other
104,backwaters,Other
104,and,Other
104,Ayurvedic,B-Cul
104,treatments,Other
104,.,Other
105,Shankar,B-Per
105,Mahadevan,I-Per
105,is,Other
105,a,Other
105,renowned,Other
105,music,Other
105,composer,Other
105,.,Other
106,The,Other
106,Buddha,B-Per
106,attained,Other
106,enlightenment,Other
106,under,Other
106,the,Other
106,Bodhi,B-Cul
106,tree,Other
106,.,Other
107,Accha,B-Par
107,ji,I-Par
107,I'll,Other
107,make,Other
107,sure,Other
107,to,Other
107,complete,Other
107,the,Other
107,task,Other
107,.,Other
108,The,Other
108,Election,B-Org
108,Commission,I-Org
108,of,I-Org
108,India,I-Org
108,announced,Other
108,the,Other
108,dates,Other
108,for,Other
108,state,Other
108,elections,Other
108,.,Other
109,My,Other
109,bahu,B-Kin
109,is,Other
109,a,Other
109,software,Other
109,engineer,Other
109,at,Other
109,Amazon,B-Org
109,.,Other
110,The,Other
110,Victoria,B-Loc
110,Memorial,I-Loc
110,is,Other
110,a,Other
110,famous,Other
110,monument,Other
110,in,Other
110,Kolkata,B-Loc
110,.,Other
111,Namaz,B-Rel
111,is,Other
111,performed,Other
111,five,Other
111,times,Other
111,a,Other
111,day,Other
111,by,Other
111,Muslims,B-Rel
111,.,Other
112,Arre,B-Par
112,dost,B-Kin
112,where,Other
112,have,Other
112,you,Other
112,been,Other
112,hiding,Other
112,?,Other
113,Pongal,B-Cul
113,is,Other
113,an,Other
113,important,Other
113,harvest,Other
113,festival,Other
113,in,Other
113,Tamil,B-Cul
113,culture,Other
113,.,Other
114,Narendra,B-Per
114,Modi,I-Per
114,is,Other
114,from,Other
114,Gujarat,B-Loc
114,.,Other
115,The,Other
115,Supreme,B-Org
115,Court,I-Org
115,of,I-Org
115,India,I-Org
115,passed,Other
115,a,Other
115,landmark,Other
115,judgment,Other
115,today,Other
115,.,Other
116,My,Other
116,mausi,B-Kin
116,prepares,Other
116,the,Other
116,best,Other
116,rajma,B-Cul
116,chawal,I-Cul
116,.,Other
117,Onam,B-Cul
117,is,Other
117,the,Other
117,harvest,Other
117,festival,Other
117,of,Other
117,Kerala,B-Loc
117,.,Other
118,Ji,B-Par
118,nahi,I-Par
118,that's,Other
118,not,Other
118,what,Other
118,I,Other
118,meant,Other
118,.,Other
119,The,Other
119,Bangalore,B-Loc
119,Metro,B-Org
119,Rail,I-Org
119,Corporation,I-Org
119,has,Other
119,expanded,Other
119,its,Other
119,network,Other
119,.,Other
120,Gandhi,B-Per
120,ji,B-Par
120,advocated,Other
120,for,Other
120,non-violence,Other
120,during,Other
120,the,Other
120,freedom,Other
120,struggle,Other
120,.,Other
121,My,Other
121,jethani,B-Kin
121,makes,Other
121,delicious,Other
121,dhokla,B-Cul
121,.,Other
122,The,Other
122,Brahmaputra,B-Loc
122,River,I-Loc
122,flows,Other
122,through,Other
122,Assam,B-Loc
122,.,Other
123,Sanatan,B-Rel
123,Dharma,I-Rel
123,has,Other
123,a,Other
123,rich,Other
123,philosophical,Other
123,tradition,Other
123,.,Other
124,Toh,B-Par
124,phir,I-Par
124,we,Other
124,should,Other
124,proceed,Other
124,with,Other
124,the,Other
124,plan,Other
124,.,Other
125,Anjali,B-Per
125,Sharma,I-Per
125,has,Other
125,been,Other
125,promoted,Other
125,to,Other
125,senior,Other
125,manager,Other
125,at,Other
125,Infosys,B-Org
125,.,Other
126,The,Other
126,Rann,B-Loc
126,of,I-Loc
126,Kutch,I-Loc
126,is,Other
126,famous,Other
126,for,Other
126,its,Other
126,white,Other
126,salt,Other
126,desert,Other
126,.,Other
127,Please,Other
127,give,Other
127,this,Other
127,letter,Other
127,to,Other
127,your,Other
127,bade,B-Kin
127,papa,I-Kin
127,.,Other
128,Waheguru,B-Rel
128,ji,B-Par
128,ka,Other
128,khalsa,Other
128,waheguru,B-Rel
128,ji,B-Par
128,ki,Other
128,fateh,Other
128,.,Other
129,The,Other
129,All,B-Org
129,India,I-Org
129,Institute,I-Org
129,of,I-Org
129,Medical,I-Org
129,Sciences,I-Org
129,is,Other
129,a,Other
129,premier,Other
129,medical,Other
129,institution,Other
129,.,Other
130,Baisakhi,B-Cul
130,marks,Other
130,the,Other
130,Sikh,B-Rel
130,New,B-Cul
130,Year,I-Cul
130,.,Other
131,Arre,B-Par
131,baap,B-Kin
131,re,I-Par
131,what,Other
131,an,Other
131,amazing,Other
131,performance,Other
131,!,Other
132,Amitabh,B-Per
132,Bachchan,I-Per
132,is,Other
132,a,Other
132,legendary,Other
132,actor,Other
132,in,Other
132,Bollywood,B-Cul
132,.,Other
133,The,Other
133,Khyber,B-Loc
133,Pass,I-Loc
133,connects,Other
133,Pakistan,B-Loc
133,and,Other
133,Afghanistan,B-Loc
133,.,Other
134,My,Other
134,phupha,B-Kin
134,ji,B-Par
134,runs,Other
134,a,Other
134,successful,Other
134,business,Other
134,in,Other
134,Chennai,B-Loc
134,.,Other
135,The,Other
135,Indian,B-Cul
135,Council,B-Org
135,of,I-Org
135,Medical,I-Org
135,Research,I-Org
135,published,Other
135,new,Other
135,guidelines,Other
135,.,Other
136,Acha,B-Par
136,ji,I-Par
136,now,Other
136,I,Other
136,understand,Other
136,what,Other
136,you,Other
136,mean,Other
136,.,Other
137,Karachi,B-Loc
137,is,Other
137,the,Other
137,largest,Other
137,city,Other
137,in,Other
137,Pakistan,B-Loc
137,.,Other
138,Ashoka,B-Per
138,the,Other
138,Great,I-Per
138,was,Other
138,a,Other
138,powerful,Other
138,emperor,Other
138,of,Other
138,ancient,Other
138,India,B-Loc
138,.,Other
139,My,Other
139,devrani,B-Kin
139,makes,Other
139,excellent,Other
139,parathas,B-Cul
139,.,Other
140,The,Other
140,ancient,Other
140,practice,Other
140,of,Other
140,Ayurveda,B-Cul
140,originated,Other
140,in,Other
140,India,B-Loc
140,.,Other
141,Sufism,B-Rel
141,is,Other
141,a,Other
141,mystical,Other
141,form,Other
141,of,Other
141,Islam,B-Rel
141,.,Other
142,Aise,B-Par
142,kaise,I-Par
142,chalega,Other
142,?,Other
143,The,Other
143,Indian,B-Cul
143,Railways,B-Org
143,is,Other
143,one,Other
143,of,Other
143,the,Other
143,largest,Other
143,railway,Other
143,networks,Other
143,in,Other
143,the,Other
143,world,Other
143,.,Other
144,Arunachal,B-Loc
144,Pradesh,I-Loc
144,shares,Other
144,a,Other
144,border,Other
144,with,Other
144,China,B-Loc
144,.,Other
145,My,Other
145,samdhan,B-Kin
145,ji,B-Par
145,is,Other
145,coming,Other
145,to,Other
145,visit,Other
145,next,Other
145,week,Other
145,.,Other
146,The,Other
146,Jain,B-Rel
146,festival,Other
146,of,Other
146,Paryushana,B-Cul
146,involves,Other
146,fasting,Other
146,and,Other
146,forgiveness,Other
146,.,Other
147,Abbe,B-Par
147,saale,B-Kin
147,don't,Other
147,joke,Other
147,around,Other
147,with,Other
147,serious,Other
147,matters,Other
147,!,Other
148,Indira,B-Per
148,Gandhi,I-Per
148,was,Other
148,the,Other
148,first,Other
148,female,Other
148,Prime,B-Per
148,Minister,I-Per
148,of,Other
148,India,B-Loc
148,.,Other
149,The,Other
149,Thar,B-Loc
149,Desert,I-Loc
149,is,Other
149,located,Other
149,in,Other
149,Rajasthan,B-Loc
149,.,Other
150,Tauba,B-Par
150,tauba,I-Par
150,this,Other
150,is,Other
150,too,Other
150,spicy,Other
150,for,Other
150,me,Other
150,!,Other
151,The,Other
151,Central,B-Org
151,Board,I-Org
151,of,I-Org
151,Secondary,I-Org
151,Education,I-Org
151,announced,Other
151,the,Other
151,exam,Other
151,dates,Other
151,.,Other
152,Ramazan,B-Cul
152,is,Other
152,the,Other
152,month,Other
152,of,Other
152,fasting,Other
152,observed,Other
152,by,Other
152,Muslims,B-Rel
152,.,Other
153,My,Other
153,tauji,B-Kin
153,was,Other
153,a,Other
153,freedom,Other
153,fighter,Other
153,during,Other
153,the,Other
153,independence,Other
153,movement,Other
153,.,Other
154,The,Other
154,Dal,B-Loc
154,Lake,I-Loc
154,in,Other
154,Kashmir,B-Loc
154,is,Other
154,famous,Other
154,for,Other
154,its,Other
154,houseboats,Other
154,.,Other
155,Ram,B-Per
155,Navami,B-Cul
155,celebrates,Other
155,the,Other
155,birth,Other
155,of,Other
155,Lord,B-Per
155,Ram,I-Per
155,.,Other
156,Wah,B-Par
156,ji,I-Par
156,wah,I-Par
156,what,Other
156,a,Other
156,performance,Other
156,!,Other
157,The,Other
157,Department,B-Org
157,of,I-Org
157,Telecommunications,I-Org
157,issued,Other
157,new,Other
157,guidelines,Other
157,for,Other
157,mobile,Other
157,operators,Other
157,.,Other
158,Aman,B-Per
158,Gupta,I-Per
158,was,Other
158,promoted,Other
158,to,Other
158,CEO,Other
158,of,Other
158,the,Other
158,company,Other
158,.,Other
159,My,Other
159,devi,B-Kin
159,makes,Other
159,the,Other
159,best,Other
159,samosas,B-Cul
159,in,Other
159,town,Other
159,.,Other
160,The,Other
160,Sri,B-Loc
160,Lankan,I-Loc
160,government,Other
160,announced,Other
160,new,Other
160,tourism,Other
160,initiatives,Other
160,.,Other
161,The,Other
161,Torah,B-Rel
161,is,Other
161,the,Other
161,holy,Other
161,text,Other
161,of,Other
161,Judaism,B-Rel
161,.,Other
162,Achha,B-Par
162,theek,I-Par
162,hai,I-Par
162,I,Other
162,will,Other
162,take,Other
162,care,Other
162,of,Other
162,it,Other
162,.,Other
163,The,Other
163,Western,B-Loc
163,Ghats,I-Loc
163,are,Other
163,one,Other
163,of,Other
163,the,Other
163,biodiversity,Other
163,hotspots,Other
163,in,Other
163,India,B-Loc
163,.,Other
164,Priyanka,B-Per
164,Chopra,I-Per
164,has,Other
164,become,Other
164,a,Other
164,global,Other
164,icon,Other
164,.,Other
165,My,Other
165,sasur,B-Kin
165,ji,B-Par
165,retired,Other
165,from,Other
165,the,Other
165,Indian,B-Org
165,Army,I-Org
165,last,Other
165,year,Other
165,.,Other
166,Buddhism,B-Rel
166,teaches,Other
166,the,Other
166,Middle,B-Cul
166,Way,I-Cul
166,to,Other
166,attain,Other
166,enlightenment,Other
166,.,Other
167,Arrey,B-Par
167,waah,I-Par
167,that's,Other
167,a,Other
167,brilliant,Other
167,idea,Other
167,!,Other
168,The,Other
168,High,B-Org
168,Court,I-Org
168,of,I-Org
168,Delhi,I-Org
168,issued,Other
168,a,Other
168,new,Other
168,directive,Other
168,today,Other
168,.,Other
169,Leh,B-Loc
169,is,Other
169,a,Other
169,beautiful,Other
169,city,Other
169,in,Other
169,Ladakh,B-Loc
169,.,Other
170,My,Other
170,nanaji,B-Kin
170,fought,Other
170,in,Other
170,the,Other
170,Indo-Pak,B-Cul
170,war,Other
170,of,Other
170,1971,Other
170,.,Other
171,Karva,B-Cul
171,Chauth,I-Cul
171,is,Other
171,observed,Other
171,by,Other
171,married,Other
171,Hindu,B-Rel
171,women,Other
171,for,Other
171,their,Other
171,husbands,B-Kin
171,.,Other
172,Haan,B-Par
172,beta,B-Kin
172,I,Other
172,will,Other
172,pick,Other
172,you,Other
172,up,Other
172,from,Other
172,school,Other
172,today,Other
172,.,Other
173,The,Other
173,Padma,B-Cul
173,Bhushan,I-Cul
173,is,Other
173,India's,B-Loc
173,second-highest,Other
173,civilian,Other
173,award,Other
173,.,Other
174,Shah,B-Per
174,Rukh,I-Per
174,Khan,I-Per
174,is,Other
174,known,Other
174,as,Other
174,the,Other
174,King,Other
174,of,Other
174,Bollywood,B-Cul
174,.,Other
175,My,Other
175,chachera,B-Kin
175,bhai,I-Kin
175,is,Other
175,studying,Other
175,at,Other
175,Harvard,B-Org
175,University,I-Org
175,.,Other
176,The,Other
176,Sundarbans,B-Loc
176,Delta,I-Loc
176,is,Other
176,home,Other
176,to,Other
176,Bengal,B-Cul
176,tigers,Other
176,.,Other
177,The,Other
177,Guru,B-Rel
177,Granth,I-Rel
177,Sahib,I-Rel
177,is,Other
177,the,Other
177,holy,Other
177,scripture,Other
177,of,Other
177,Sikhism,B-Rel
177,.,Other
178,Beta,B-Kin
178,ji,B-Par
178,please,Other
178,focus,Other
178,on,Other
178,your,Other
178,studies,Other
178,.,Other
179,The,Other
179,Life,B-Org
179,Insurance,I-Org
179,Corporation,I-Org
179,of,I-Org
179,India,I-Org
179,announced,Other
179,new,Other
179,policy,Other
179,rates,Other
179,.,Other
180,My,Other
180,maama,B-Kin
180,ji,B-Par
180,is,Other
180,a,Other
180,professor,Other
180,at,Other
180,Delhi,B-Loc
180,University,I-Org
180,.,Other
181,Kargil,B-Loc
181,War,I-Loc
181,is,Other
181,commemorated,Other
181,on,Other
181,July,Other
181,26th,Other
181,every,Other
181,year,Other
181,in,Other
181,India,B-Loc
181,.,Other
182,Ravana,B-Per
182,is,Other
182,a,Other
182,character,Other
182,from,Other
182,the,Other
182,epic,Other
182,Ramayana,B-Cul
182,.,Other
183,Acha,B-Par
183,to,Other
183,sun,Other
183,lo,Other
183,meri,Other
183,baat,Other
183,.,Other
184,The,Other
184,Chief,B-Per
184,Minister,I-Per
184,of,Other
184,Maharashtra,B-Loc
184,announced,Other
184,new,Other
184,welfare,Other
184,schemes,Other
184,.,Other
185,Kabir,B-Per
185,Das,I-Per
185,was,Other
185,a,Other
185,mystic,Other
185,poet,Other
185,and,Other
185,saint,Other
185,.,Other
186,My,Other
186,saali,B-Kin
186,is,Other
186,getting,Other
186,married,Other
186,next,Other
186,month,Other
186,.,Other
187,The,Other
187,Lotus,B-Loc
187,Temple,I-Loc
187,in,Other
187,Delhi,B-Loc
187,is,Other
187,a,Other
187,Bahá'í,B-Rel
187,House,Other
187,of,Other
187,Worship,Other
187,.,Other
188,Kitthe,B-Par
188,ja,I-Par
188,rahe,I-Par
188,ho,I-Par
188,?,Other
189,The,Other
189,Board,B-Org
189,of,I-Org
189,Control,I-Org
189,for,I-Org
189,Cricket,I-Org
189,in,I-Org
189,India,I-Org
189,selected,Other
189,the,Other
189,team,Other
189,for,Other
189,the,Other
189,World,B-Cul
189,Cup,I-Cul
189,.,Other
190,Lata,B-Per
190,Mangeshkar,I-Per
190,was,Other
190,a,Other
190,legendary,Other
190,singer,Other
190,in,Other
190,India,B-Loc
190,.,Other
191,Shri,B-Par
191,Krishna,B-Per
191,Janmashtami,B-Cul
191,celebrates,Other
191,the,Other
191,birth,Other
191,of,Other
191,Krishna,B-Per
191,.,Other
192,The,Other
192,National,B-Org
192,Institute,I-Org
192,of,I-Org
192,Technology,I-Org
192,Trichy,I-Org
192,is,Other
192,a,Other
192,prestigious,Other
192,engineering,Other
192,college,Other
192,.,Other
193,My,Other
193,mami,B-Kin
193,ji,B-Par
193,prepares,Other
193,delicious,Other
193,dal,B-Cul
193,makhani,I-Cul
193,.,Other
194,Mughal,B-Cul
194,architecture,Other
194,is,Other
194,known,Other
194,for,Other
194,its,Other
194,intricate,Other
194,designs,Other
194,and,Other
194,patterns,Other
194,.,Other
195,Delhi,B-Loc
195,is,Other
195,the,Other
195,capital,Other
195,of,Other
195,India,B-Loc
195,.,Other
196,Kya,B-Par
196,yaar,I-Par
196,you,Other
196,never,Other
196,listen,Other
196,to,Other
196,me,Other
196,!,Other
197,The,Other
197,Archaeological,B-Org
197,Survey,I-Org
197,of,I-Org
197,India,I-Org
197,discovered,Other
197,ancient,Other
197,artifacts,Other
197,in,Other
197,Tamil,B-Loc
197,Nadu,I-Loc
197,.,Other
198,Aamir,B-Per
198,Khan,I-Per
198,is,Other
198,known,Other
198,for,Other
198,his,Other
198,perfectionist,Other
198,approach,Other
198,to,Other
198,acting,Other
198,.,Other
199,My,Other
199,bhanje,B-Kin
199,are,Other
199,visiting,Other
199,from,Other
199,Canada,B-Loc
199,next,Other
199,month,Other
199,.,Other
201,The,Other
201,practice,Other
201,of,Other
201,Sati,B-Cul
201,was,Other
201,abolished,Other
201,during,Other
201,British,B-Cul
201,rule,Other
201,in,Other
201,India,B-Loc
201,.,Other
202,Are,B-Par
202,baba,B-Kin
202,I,Other
202,told,Other
202,you,Other
202,already,Other
202,!,Other
203,The,Other
203,Red,B-Loc
203,Fort,I-Loc
203,was,Other
203,built,Other
203,during,Other
203,the,Other
203,Mughal,B-Cul
203,period,Other
203,.,Other
204,Aishwarya,B-Per
204,Rai,I-Per
204,Bachchan,I-Per
204,is,Other
204,a,Other
204,former,Other
204,Miss,Other
204,World,Other
204,and,Other
204,actress,Other
204,.,Other
205,My,Other
205,sala,B-Kin
205,works,Other
205,at,Other
205,Mahindra,B-Org
205,&,I-Org
205,Mahindra,I-Org
205,.,Other
206,The,Other
206,Khajuraho,B-Loc
206,temples,Other
206,are,Other
206,known,Other
206,for,Other
206,their,Other
206,erotic,Other
206,sculptures,Other
206,.,Other
207,Zoroastrianism,B-Rel
207,is,Other
207,one,Other
207,of,Other
207,the,Other
207,world's,Other
207,oldest,Other
207,religions,Other
207,.,Other
208,Abe,B-Par
208,oye,I-Par
208,watch,Other
208,where,Other
208,you're,Other
208,going,Other
208,!,Other
209,The,Other
209,Ministry,B-Org
209,of,I-Org
209,Health,I-Org
209,announced,Other
209,new,Other
209,guidelines,Other
209,for,Other
209,hospitals,Other
209,.,Other
210,Shilpa,B-Per
210,Shetty,I-Per
210,promotes,Other
210,yoga,B-Cul
210,for,Other
210,wellness,Other
210,.,Other
211,My,Other
211,pota,B-Kin
211,is,Other
211,learning,Other
211,to,Other
211,play,Other
211,tabla,B-Cul
211,.,Other
212,The,Other
212,Chennai,B-Loc
212,Super,B-Org
212,Kings,I-Org
212,won,Other
212,the,Other
212,IPL,B-Cul
212,championship,Other
212,last,Other
212,year,Other
212,.,Other
213,Acha,B-Par
213,hai,I-Par
213,na,I-Par
213,everything,Other
213,is,Other
213,working,Other
213,fine,Other
213,!,Other
214,The,Other
214,Indus,B-Loc
214,Valley,I-Loc
214,Civilization,I-Loc
214,was,Other
214,one,Other
214,of,Other
214,the,Other
214,earliest,Other
214,urban,Other
214,civilizations,Other
214,.,Other
215,Neeraj,B-Per
215,Chopra,I-Per
215,won,Other
215,a,Other
215,gold,Other
215,medal,Other
215,in,Other
215,javelin,Other
215,throw,Other
215,at,Other
215,the,Other
215,Olympics,B-Cul
215,.,Other
216,My,Other
216,jija,B-Kin
216,ji,B-Par
216,works,Other
216,for,Other
216,Indian,B-Org
216,Oil,I-Org
216,Corporation,I-Org
216,.,Other
217,The,Other
217,Sun,B-Loc
217,Temple,I-Loc
217,at,Other
217,Konark,B-Loc
217,is,Other
217,a,Other
217,UNESCO,B-Org
217,World,I-Org
217,Heritage,I-Org
217,Site,I-Org
217,.,Other
218,Salaam,B-Cul
218,bhai,B-Kin
218,jaan,I-Kin
218,how,Other
218,have,Other
218,you,Other
218,been,Other
218,?,Other
219,The,Other
219,National,B-Org
219,Investigation,I-Org
219,Agency,I-Org
219,arrested,Other
219,three,Other
219,suspects,Other
219,yesterday,Other
219,.,Other
220,Guru,B-Per
220,Nanak,I-Per
220,Dev,I-Per
220,Ji,B-Par
220,is,Other
220,the,Other
220,founder,Other
220,of,Other
220,Sikhism,B-Rel
220,.,Other
221,My,Other
221,damaad,B-Kin
221,is,Other
221,an,Other
221,engineer,Other
221,at,Other
221,Larsen,B-Org
221,&,I-Org
221,Toubro,I-Org
221,.,Other
222,The,Other
222,Charminar,B-Loc
222,is,Other
222,a,Other
222,historical,Other
222,monument,Other
222,in,Other
222,Hyderabad,B-Loc
222,.,Other
223,Ganesh,B-Rel
223,Chaturthi,I-Rel
223,is,Other
223,celebrated,Other
223,with,Other
223,great,Other
223,enthusiasm,Other
223,in,Other
223,Maharashtra,B-Loc
223,.,Other
224,Kya,B-Par
224,baat,I-Par
224,hai,I-Par
224,that's,Other
224,wonderful,Other
224,news,Other
224,!,Other
225,The,Other
225,Bombay,B-Org
225,Stock,I-Org
225,Exchange,I-Org
225,recorded,Other
225,all-time,Other
225,high,Other
225,indices,Other
225,today,Other
225,.,Other
226,Saina,B-Per
226,Nehwal,I-Per
226,is,Other
226,a,Other
226,famous,Other
226,badminton,Other
226,player,Other
226,from,Other
226,India,B-Loc
226,.,Other
227,My,Other
227,phuphi,B-Kin
227,makes,Other
227,delicious,Other
227,pakoras,B-Cul
227,during,Other
227,rainy,Other
227,season,Other
227,.,Other
228,The,Other
228,Eastern,B-Loc
228,Ghats,I-Loc
228,run,Other
228,along,Other
228,the,Other
228,eastern,Other
228,coast,Other
228,of,Other
228,India,B-Loc
228,.,Other
229,Jainism,B-Rel
229,promotes,Other
229,non-violence,Other
229,and,Other
229,respect,Other
229,for,Other
229,all,Other
229,living,Other
229,beings,Other
229,.,Other
230,Haan,B-Par
230,ji,I-Par
230,zaroor,I-Par
230,I,Other
230,will,Other
230,definitely,Other
230,attend,Other
230,the,Other
230,function,Other
230,.,Other
231,The,Other
231,Defence,B-Org
231,Research,I-Org
231,and,I-Org
231,Development,I-Org
231,Organisation,I-Org
231,successfully,Other
231,tested,Other
231,a,Other
231,new,Other
231,missile,Other
231,.,Other
232,P.V.,B-Per
232,Sindhu,I-Per
232,won,Other
232,a,Other
232,medal,Other
232,at,Other
232,the,Other
232,Olympics,B-Cul
232,.,Other
233,My,Other
233,nanad,B-Kin
233,visited,Other
233,us,Other
233,last,Other
233,weekend,Other
233,with,Other
233,her,Other
233,family,Other
233,.,Other
234,The,Other
234,Kaziranga,B-Loc
234,National,I-Loc
234,Park,I-Loc
234,is,Other
234,home,Other
234,to,Other
234,the,Other
234,one-horned,Other
234,rhinoceros,Other
234,.,Other
235,Namastey,B-Cul
235,ji,B-Par
235,welcome,Other
235,to,Other
235,our,Other
235,humble,Other
235,abode,Other
235,.,Other
236,The,Other
236,Income,B-Org
236,Tax,I-Org
236,Department,I-Org
236,conducted,Other
236,raids,Other
236,in,Other
236,several,Other
236,cities,Other
236,yesterday,Other
236,.,Other
237,Mohandas,B-Per
237,Karamchand,I-Per
237,Gandhi,I-Per
237,led,Other
237,the,Other
237,Salt,B-Cul
237,March,I-Cul
237,in,Other
237,1930,Other
237,.,Other
238,My,Other
238,chacha,B-Kin
238,ji,B-Par
238,is,Other
238,a,Other
238,retired,Other
238,colonel,Other
238,from,Other
238,the,Other
238,Indian,B-Org
238,Army,I-Org
238,.,Other
239,The,Other
239,Valley,B-Loc
239,of,I-Loc
239,Flowers,I-Loc
239,in,Other
239,Uttarakhand,B-Loc
239,is,Other
239,a,Other
239,UNESCO,B-Org
239,World,I-Org
239,Heritage,I-Org
239,Site,I-Org
239,.,Other
240,Allah,B-Rel
240,hu,I-Rel
240,Akbar,I-Rel
240,is,Other
240,a,Other
240,phrase,Other
240,used,Other
240,by,Other
240,Muslims,B-Rel
240,.,Other
241,Jai,B-Par
241,Hind,B-Cul
241,!,Other
242,The,Other
242,Vishwa,B-Org
242,Hindu,I-Org
242,Parishad,I-Org
242,organized,Other
242,a,Other
242,rally,Other
242,in,Other
242,Delhi,B-Loc
242,.,Other
243,Aarti,B-Cul
243,is,Other
243,performed,Other
243,at,Other
243,many,Other
243,Hindu,B-Rel
243,temples,Other
243,in,Other
243,the,Other
243,evening,Other
243,.,Other
244,My,Other
244,bahurani,B-Kin
244,is,Other
244,expecting,Other
244,a,Other
244,baby,Other
244,next,Other
244,month,Other
244,.,Other
245,The,Other
245,National,B-Org
245,Gallery,I-Org
245,of,I-Org
245,Modern,I-Org
245,Art,I-Org
245,hosted,Other
245,a,Other
245,new,Other
245,exhibition,Other
245,.,Other
246,Shukriya,B-Cul
246,ji,B-Par
246,for,Other
246,your,Other
246,kind,Other
246,hospitality,Other
246,.,Other
247,The,Other
247,Godavari,B-Loc
247,River,I-Loc
247,is,Other
247,often,Other
247,referred,Other
247,to,Other
247,as,Other
247,the,Other
247,Dakshin,B-Cul
247,Ganga,I-Cul
247,.,Other
248,A.R.,B-Per
248,Rahman,I-Per
248,has,Other
248,won,Other
248,multiple,Other
248,Grammy,B-Cul
248,Award241,Jai,B-Par
241,Hind,B-Cul
241,!,Other
242,The,Other
242,Vishwa,B-Org
242,Hindu,I-Org
242,Parishad,I-Org
242,organized,Other
242,a,Other
242,rally,Other
242,in,Other
242,Delhi,B-Loc
242,.,Other
243,Aarti,B-Cul
243,is,Other
243,performed,Other
243,at,Other
243,many,Other
243,Hindu,B-Rel
243,temples,Other
243,in,Other
243,the,Other
243,evening,Other
243,.,Other
244,My,Other
244,bahurani,B-Kin
244,is,Other
244,expecting,Other
244,a,Other
244,baby,Other
244,next,Other
244,month,Other
244,.,Other
245,The,Other
245,National,B-Org
245,Gallery,I-Org
245,of,I-Org
245,Modern,I-Org
245,Art,I-Org
245,hosted,Other
245,a,Other
245,new,Other
245,exhibition,Other
245,.,Other
246,Shukriya,B-Cul
246,ji,B-Par
246,for,Other
246,your,Other
246,kind,Other
246,hospitality,Other
246,.,Other
247,The,Other
247,Godavari,B-Loc
247,River,I-Loc
247,is,Other
247,often,Other
247,referreOther
249,her,Other
249,family,Other
249,.,Other
250,The,Other
250,Nalanda,B-Loc
250,University,I-Org
250,was,Other
250,an,Other
250,ancient,Other
250,center,Other
250,of,Other
250,learning,Other
250,in,Other
250,Bihar,B-Loc
250,.,Other
251,Mahayana,B-Rel
251,Buddhism,I-Rel
251,is,Other
251,practiced,Other
251,in,Other
251,many,Other
251,parts,Other
251,of,Other
251,Asia,B-Loc
251,.,Other
252,Arrey,B-Par
252,ram,B-Per
252,what,Other
252,are,Other
252,you,Other
252,doing,Other
252,?,Other
253,The,Other
253,Sahitya,B-Org
253,Akademi,I-Org
253,announced,Other
253,its,Other
253,annual,Other
253,awards,Other
253,for,Other
253,literature,Other
253,.,Other
254,Mary,B-Per
254,Kom,I-Per
254,is,Other
254,a,Other
254,world,Other
254,champion,Other
254,boxer,Other
254,from,Other
254,Manipur,B-Loc
254,.,Other
255,My,Other
255,pati,B-Kin
255,dev,I-Kin
255,works,Other
255,at,Other
255,Hindustan,B-Org
255,Unilever,I-Org
255,.,Other
256,The,Other
256,Ellora,B-Loc
256,Caves,I-Loc
256,showcase,Other
256,Hindu,B-Rel
256,,Other
256,Buddhist,B-Rel
256,and,Other
256,Jain,B-Rel
256,monuments,Other
256,.,Other
257,Panch,B-Cul
257,Tattva,I-Cul
257,are,Other
257,the,Other
257,five,Other
257,elements,Other
257,in,Other
257,Hindu,B-Rel
257,philosophy,Other
257,.,Other
258,Arre,B-Par
258,baba,B-Kin
258,don't,Other
258,worry,Other
258,so,Other
258,much,Other
258,!,Other
259,The,Other
259,National,B-Org
259,Thermal,I-Org
259,Power,I-Org
259,Corporation,I-Org
259,announced,Other
259,a,Other
259,new,Other
259,solar,Other
259,project,Other
259,.,Other
260,Sachin,B-Per
260,and,Other
260,Binny,B-Per
260,Bansal,I-Per
260,founded,Other
260,Flipkart,B-Org
260,.,Other
261,My,Other
261,bhatija,B-Kin
261,graduated,Other
261,from,Other
261,IIT,B-Org
261,Bombay,I-Org
261,last,Other
261,year,Other
261,.,Other
262,The,Other
262,Statue,B-Loc
262,of,I-Loc
262,Unity,I-Loc
262,in,Other
262,Gujarat,B-Loc
262,is,Other
262,the,Other
262,tallest,Other
262,statue,Other
262,in,Other
262,the,Other
262,world,Other
262,.,Other
263,Dhanyavaad,B-Cul
263,ji,B-Par
263,for,Other
263,your,Other
263,assistance,Other
263,.,Other
264,Thik,B-Par
264,hai,I-Par
264,I,Other
264,understand,Other
264,the,Other
264,situation,Other
264,now,Other
264,.,Other
265,The,Other
265,Indian,B-Cul
265,Premier,B-Org
265,League,I-Org
265,auctions,Other
265,will,Other
265,be,Other
265,held,Other
265,next,Other
265,month,Other
265,.,Other
266,Rahul,B-Per
266,Dravid,I-Per
266,is,Other
266,known,Other
266,as,Other
266,The,Other
266,Wall,Other
266,in,Other
266,cricket,Other
266,.,Other
267,My,Other
267,saas,B-Kin
267,ji,B-Par
267,makes,Other
267,excellent,Other
267,achar,B-Cul
267,.,Other
268,The,Other
268,Meenakshi,B-Loc
268,Amman,I-Loc
268,Temple,I-Loc
268,in,Other
268,Madurai,B-Loc
268,is,Other
268,known,Other
268,for,Other
268,its,Other
268,stunning,Other
268,architecture,Other
268,.,Other
269,Kripya,B-Par
269,dhyan,Other
269,dijiye,Other
269,this,Other
269,is,Other
269,an,Other
269,important,Other
269,announcement,Other
269,.,Other
270,The,Other
270,Bureau,B-Org
270,of,I-Org
270,Indian,I-Org
270,Standards,I-Org
270,issued,Other
270,new,Other
270,guidelines,Other
270,for,Other
270,food,Other
270,products,Other
270,.,Other
271,Narayan,B-Per
271,Murthy,I-Per
271,is,Other
271,the,Other
271,co-founder,Other
271,of,Other
271,Infosys,B-Org
271,.,Other
272,My,Other
272,devar,B-Kin
272,ji,B-Par
272,is,Other
272,visiting,Other
272,from,Other
272,America,B-Loc
272,next,Other
272,week,Other
272,.,Other
273,The,Other
273,Kailash,B-Loc
273,Mansarovar,I-Loc
273,Yatra,I-Loc
273,is,Other
273,considered,Other
273,sacred,Other
273,by,Other
273,Hindus,B-Rel
273,.,Other
274,Om,B-Rel
274,Namah,I-Rel
274,Shivaya,I-Rel
274,is,Other
274,a,Other
274,popular,Other
274,Hindu,B-Rel
274,mantra,Other
274,.,Other
275,Aise,B-Par
275,hi,I-Par
275,nahi,I-Par
275,keh,Other
275,raha,Other
275,hun,Other
275,main,Other
275,.,Other
276,The,Other
276,Vande,B-Org
276,Bharat,I-Org
276,Express,I-Org
276,is,Other
276,India's,B-Loc
276,first,Other
276,semi-high-speed,Other
276,train,Other
276,.,Other
277,Kiran,B-Per
277,Bedi,I-Per
277,was,Other
277,the,Other
277,first,Other
277,woman,Other
277,IPS,B-Org
277,officer,Other
277,in,Other
277,India,B-Loc
277,.,Other
278,My,Other
278,mausaji,B-Kin
278,retired,Other
278,from,Other
278,the,Other
278,Indian,B-Org
278,Railways,I-Org
278,last,Other
278,year,Other
278,.,Other
279,The,Other
279,Ranthambore,B-Loc
279,National,I-Loc
279,Park,I-Loc
279,is,Other
279,famous,Other
279,for,Other
279,its,Other
279,tigers,Other
279,.,Other
280,Upanishads,B-Rel
280,are,Other
280,ancient,Other
280,Sanskrit,B-Cul
280,texts,Other
280,of,Other
280,Hindu,B-Rel
280,philosophy,Other
280,.,Other
281,Beta,B-Kin
281,ji,B-Par
281,sambhal,Other
281,ke,Other
281,jao,Other
281,.,Other
282,The,Other
282,Food,B-Org
282,Corporation,I-Org
282,of,I-Org
282,India,I-Org
282,announced,Other
282,new,Other
282,procurement,Other
282,policies,Other
282,.,Other
283,Ratan,B-Per
283,Tata,I-Per
283,is,Other
283,a,Other
283,respected,Other
283,businessman,Other
283,and,Other
283,philanthropist,Other
283,.,Other
284,My,Other
284,bhabi,B-Kin
284,ji,B-Par
284,makes,Other
284,delicious,Other
284,chole,B-Cul
284,bhature,I-Cul
284,.,Other
285,The,Other
285,Jog,B-Loc
285,Falls,I-Loc
285,in,Other
285,Karnataka,B-Loc
285,is,Other
285,one,Other
285,of,Other
285,the,Other
285,highest,Other
285,waterfalls,Other
285,in,Other
285,India,B-Loc
285,.,Other
286,Jai,B-Par
286,Mata,B-Rel
286,Di,I-Rel
286,is,Other
286,a,Other
286,common,Other
286,greeting,Other
286,among,Other
286,devotees,Other
286,of,Other
286,Goddess,B-Per
286,Durga,I-Per
286,.,Other
287,The,Other
287,Panchayati,B-Org
287,Raj,I-Org
287,system,Other
287,was,Other
287,established,Other
287,for,Other
287,rural,Other
287,governance,Other
287,in,Other
287,India,B-Loc
287,.,Other
288,Anushka,B-Per
288,Sharma,I-Per
288,is,Other
288,a,Other
288,popular,Other
288,actress,Other
288,in,Other
288,Bollywood,B-Cul
288,.,Other
289,My,Other
289,nani,B-Kin
289,ji,B-Par
289,is,Other
289,from,Other
289,Amritsar,B-Loc
289,.,Other
290,The,Other
290,Tirupati,B-Loc
290,Balaji,I-Loc
290,Temple,I-Loc
290,is,Other
290,one,Other
290,of,Other
290,the,Other
290,richest,Other
290,temples,Other
290,in,Other
290,the,Other
290,world,Other
290,.,Other
291,Guru,B-Per
291,Tegh,I-Per
291,Bahadur,I-Per
291,was,Other
291,the,Other
291,ninth,Other
291,Sikh,B-Rel
291,Guru,Other
291,.,Other
292,Oho,B-Par
292,ho,I-Par
292,now,Other
292,I,Other
292,see,Other
292,what,Other
292,you,Other
292,meant,Other
292,.,Other
293,The,Other
293,Securities,B-Org
293,and,I-Org
293,Exchange,I-Org
293,Board,I-Org
293,of,I-Org
293,India,I-Org
293,regulates,Other
293,the,Other
293,securities,Other
293,market,Other
293,.,Other
294,Mithali,B-Per
294,Raj,I-Per
294,is,Other
294,a,Other
294,famous,Other
294,cricketer,Other
294,in,Other
294,the,Other
294,women's,Other
294,cricket,Other
294,team,Other
294,.,Other
295,My,Other
295,dadaji,B-Kin
295,was,Other
295,a,Other
295,freedom,Other
295,fighter,Other
295,during,Other
295,the,Other
295,independence,Other
295,movement,Other
295,.,Other
296,The,Other
296,Mysore,B-Loc
296,Palace,I-Loc
296,is,Other
296,illuminated,Other
296,with,Other
296,thousands,Other
296,of,Other
296,lights,Other
296,during,Other
296,Dasara,B-Cul
296,.,Other
297,Subah,B-Cul
297,ka,I-Cul
297,naashta,I-Cul
297,is,Other
297,an,Other
297,important,Other
297,meal,Other
297,of,Other
297,the,Other
297,day,Other
297,.,Other
298,Arey,B-Par
298,wah,I-Par
298,that's,Other
298,excellent,Other
298,news,Other
298,!,Other
299,The,Other
299,Oil,B-Org
299,and,I-Org
299,Natural,I-Org
299,Gas,I-Org
299,Corporation,I-Org
299,discovered,Other
299,new,Other
299,oil,Other
299,reserves,Other
299,.,Other
301,My,Other
301,devrani,B-Kin
301,ji,B-Par
301,cooks,Other
301,delicious,Other
301,makki,B-Cul
301,di,I-Cul
301,roti,I-Cul
301,.,Other
302,The,Other
302,Lakshmi,B-Per
302,Narayan,I-Per
302,Temple,Other
302,in,Other
302,Delhi,B-Loc
302,is,Other
302,dedicated,Other
302,to,Other
302,Lord,B-Per
302,Vishnu,I-Per
302,.,Other
303,Vishwanathan,B-Per
303,Anand,I-Per
303,is,Other
303,a,Other
303,chess,Other
303,grandmaster,Other
303,from,Other
303,India,B-Loc
303,.,Other
304,Bilkul,B-Par
304,sahi,I-Par
304,kaha,Other
304,aapne,Other
304,.,Other
305,The,Other
305,Indian,B-Cul
305,Army,B-Org
305,conducted,Other
305,military,Other
305,exercises,Other
305,along,Other
305,the,Other
305,border,Other
305,.,Other
306,Kangana,B-Per
306,Ranaut,I-Per
306,won,Other
306,multiple,Other
306,National,B-Cul
306,Film,I-Cul
306,Awards,I-Cul
306,.,Other
307,My,Other
307,mausi,B-Kin
307,ji,B-Par
307,lives,Other
307,in,Other
307,Varanasi,B-Loc
307,near,Other
307,the,Other
307,Ganga,B-Loc
307,River,I-Loc
307,.,Other
308,The,Other
308,Mehrangarh,B-Loc
308,Fort,I-Loc
308,in,Other
308,Jodhpur,B-Loc
308,is,Other
308,one,Other
308,of,Other
308,the,Other
308,largest,Other
308,forts,Other
308,in,Other
308,India,B-Loc
308,.,Other
309,Ramanavami,B-Cul
309,celebrates,Other
309,the,Other
309,birth,Other
309,of,Other
309,Lord,B-Per
309,Rama,I-Per
309,.,Other
310,Ji,B-Par
310,haan,I-Par
310,bilkul,I-Par
310,I,Other
310,completely,Other
310,agree,Other
310,with,Other
310,you,Other
310,.,Other
311,The,Other
311,National,B-Org
311,Payments,I-Org
311,Corporation,I-Org
311,of,I-Org
311,India,I-Org
311,developed,Other
311,the,Other
311,UPI,B-Org
311,payment,Other
311,system,Other
311,.,Other
312,Smriti,B-Per
312,Mandhana,I-Per
312,is,Other
312,a,Other
312,star,Other
312,batswoman,Other
312,in,Other
312,the,Other
312,Indian,B-Cul
312,cricket,Other
312,team,Other
312,.,Other
313,My,Other
313,dada,B-Kin
313,ji,B-Par
313,taught,Other
313,me,Other
313,Vedic,B-Rel
313,mathematics,Other
313,.,Other
314,The,Other
314,Salar,B-Loc
314,Jung,I-Loc
314,Museum,I-Loc
314,in,Other
314,Hyderabad,B-Loc
314,houses,Other
314,a,Other
314,large,Other
314,collection,Other
314,of,Other
314,artifacts,Other
314,.,Other
315,Namaz,B-Rel
315,is,Other
315,offered,Other
315,five,Other
315,times,Other
315,a,Other
315,day,Other
315,by,Other
315,Muslims,B-Rel
315,.,Other
316,Are,B-Par
316,baap,B-Kin
316,re,I-Par
316,what,Other
316,a,Other
316,surprise,Other
316,!,Other
317,The,Other
317,Competition,B-Org
317,Commission,I-Org
317,of,I-Org
317,India,I-Org
317,imposed,Other
317,fines,Other
317,on,Other
317,several,Other
317,companies,Other
317,.,Other
318,Sridevi,B-Per
318,was,Other
318,a,Other
318,legendary,Other
318,actress,Other
318,in,Other
318,Indian,B-Cul
318,cinema,Other
318,.,Other
319,My,Other
319,beti,B-Kin
319,studies,Other
319,at,Other
319,Delhi,B-Loc
319,Public,B-Org
319,School,I-Org
319,.,Other
320,The,Other
320,Hawa,B-Loc
320,Mahal,I-Loc
320,in,Other
320,Jaipur,B-Loc
320,is,Other
320,known,Other
320,for,Other
320,its,Other
320,unique,Other
320,architecture,Other
320,.,Other
321,Bhakti,B-Rel
321,Yoga,I-Rel
321,focuses,Other
321,on,Other
321,devotion,Other
321,to,Other
321,God,Other
321,.,Other
322,Achha,B-Par
322,theek,I-Par
322,hai,I-Par
322,I'll,Other
322,see,Other
322,you,Other
322,tomorrow,Other
322,.,Other
323,The,Other
323,National,B-Org
323,Human,I-Org
323,Rights,I-Org
323,Commission,I-Org
323,issued,Other
323,notices,Other
323,to,Other
323,the,Other
323,state,Other
323,government,Other
323,.,Other
324,Hrithik,B-Per
324,Roshan,I-Per
324,is,Other
324,known,Other
324,for,Other
324,his,Other
324,dancing,Other
324,skills,Other
324,in,Other
324,Bollywood,B-Cul
324,.,Other
325,My,Other
325,dohta,B-Kin
325,is,Other
325,learning,Other
325,to,Other
325,play,Other
325,the,Other
325,sitar,B-Cul
325,.,Other
326,The,Other
326,Kanha,B-Loc
326,National,I-Loc
326,Park,I-Loc
326,is,Other
326,famous,Other
326,for,Other
326,its,Other
326,tiger,Other
326,reserve,Other
326,.,Other
327,Ravana,B-Per
327,is,Other
327,the,Other
327,primary,Other
327,antagonist,Other
327,in,Other
327,the,Other
327,Ramayana,B-Cul
327,.,Other
328,Haan,B-Par
328,ji,I-Par
328,bilkul,I-Par
328,correct,Other
328,hai,Other
328,.,Other
329,The,Other
329,Indian,B-Cul
329,Medical,B-Org
329,Association,I-Org
329,issued,Other
329,guidelines,Other
329,for,Other
329,doctors,Other
329,during,Other
329,the,Other
329,pandemic,Other
329,.,Other
330,Bhagat,B-Per
330,Singh,I-Per
330,was,Other
330,a,Other
330,revolutionary,Other
330,freedom,Other
330,fighter,Other
330,.,Other
331,My,Other
331,maama,B-Kin
331,ji,B-Par
331,owns,Other
331,a,Other
331,textile,Other
331,business,Other
331,in,Other
331,Surat,B-Loc
331,.,Other
332,The,Other
332,Konark,B-Loc
332,Sun,I-Loc
332,Temple,I-Loc
332,is,Other
332,designed,Other
332,in,Other
332,the,Other
332,shape,Other
332,of,Other
332,a,Other
332,chariot,Other
332,.,Other
333,Bhagavad,B-Rel
333,Gita,I-Rel
333,contains,Other
333,the,Other
333,conversation,Other
333,between,Other
333,Krishna,B-Per
333,and,Other
333,Arjuna,B-Per
333,.,Other
334,Kya,B-Par
334,baat,I-Par
334,kya,I-Par
334,baat,I-Par
334,well,Other
334,done,Other
334,!,Other
335,The,Other
335,National,B-Org
335,Disaster,I-Org
335,Management,I-Org
335,Authority,I-Org
335,issued,Other
335,flood,Other
335,warnings,Other
335,for,Other
335,coastal,Other
335,areas,Other
335,.,Other
336,Dhoni,B-Per
336,led,Other
336,India,B-Loc
336,to,Other
336,victory,Other
336,in,Other
336,the,Other
336,World,B-Cul
336,Cup,I-Cul
336,.,Other
337,My,Other
337,chacha,B-Kin
337,ji,B-Par
337,served,Other
337,in,Other
337,the,Other
337,Indian,B-Org
337,Air,I-Org
337,Force,I-Org
337,for,Other
337,30,Other
337,years,Other
337,.,Other
338,The,Other
338,Khajuraho,B-Loc
338,Temples,I-Loc
338,were,Other
338,built,Other
338,during,Other
338,the,Other
338,Chandela,B-Cul
338,dynasty,Other
338,.,Other
339,Vaishnava,B-Rel
339,traditions,Other
339,worship,Other
339,Lord,B-Per
339,Vishnu,I-Per
339,as,Other
339,the,Other
339,supreme,Other
339,deity,Other
339,.,Other
340,Arrey,B-Par
340,yaar,I-Par